SET session_replication_role = replica;

-- Insert the new game
INSERT INTO "public"."Games" ("game_id", "title", "description", "setting", "price", "is_active", "subtitle", "image", "difficulty", "players", "duration", "featured", "title_bg", "subtitle_bg", "description_bg", "difficulty_bg", "victim", "victim_bg", "setting_bg", "image_path") VALUES
	(5, 'Turbulence: Her Last One', 'A luxury international flight aboard Orion Air 777, mid-flight between Istanbul and New York, becomes the scene of a mysterious murder when Chief Flight Attendant Zaynep Arslan is found dead in the crew quarters. With the plane at cruising altitude and no way for the killer to escape, the murderer must be among the passengers or crew. But who had the motive, means, and opportunity to commit this carefully planned crime?', 'A luxury international flight aboard Orion Air 777, mid-flight between Istanbul and New York', 14.99, true, 'A High-Altitude Mystery', 'null', 'Medium', '4-8', '2-3 hours', false, 'Турбуленция: Последният ѝ полет', 'Мистерия на висока надморска височина', 'Луксозен международен полет с Orion Air 777, става сцена на мистериозно убийство, когато главната стюардеса Зейнеп Арслан е намерена мъртва в помещението на екипажа. Намирайки се на 10 000 метра надморска височина и без възможност убиецът да избяга, той трябва да е сред пътниците и екипажа. Но кой е имал мотив, средства и възможност да извърши това внимателно планирано престъпление?', 'Средна', 'Zaynep Arslan', 'Зейнеп Арслан', 'Луксозен международен полет с Orion Air 777, в средата на пътуването между Истанбул и Ню Йорк', '5/turbulence.jpg');

-- Insert game variations
INSERT INTO "public"."Game_Variations" ("variation_id", "game_id", "num_players", "variation_title", "notes", "variation_title_bg", "notes_bg") VALUES
	(21, 5, 4, '4 Players', '-', '4 играчи', '-'),
	(22, 5, 5, '5 Players', '-', '5 играчи', '-'),
	(23, 5, 6, '6 Players', '-', '6 играчи', '-'),
	(24, 5, 7, '7 Players', '-', '7 играчи', '-'),
	(25, 5, 8, '8 Players', '-', '8 играчи', '-');

-- Insert characters
INSERT INTO "public"."Characters" ("character_id", "variation_id", "name", "description", "secret", "name_bg", "description_bg", "secret_bg", "connection", "connection_bg", "circumstances", "circumstances_bg") VALUES
	(1016, NULL, 'Dr. Felix Moreau', 'Celebrity Psychiatrist', 'Lost his license for unauthorized sedative trials on patients', 'Д-р Феликс Моро', 'Известен психиатър', 'Загуби лиценза си за неоторизирани опити с успокоителни върху пациенти', 'Zaynep previously requested his help with a disturbed passenger; Felix refused, fearing she might recognize a case tied to his scandal', 'Зейнеп поиска помощта му за разстроен пътник; Феликс отказа, страхувайки се, че тя може да го разпознае и свърже с активен медиен скандал, който върви в новините', 'Carried a medical bag onboard. Claims to have been asleep in his seat during the time of death', 'Носеше медицинска чанта на борда. Твърди, че е спал на седалката си по време на убийството'),
	(1014, NULL, 'Ayla Karaca', 'Junior Flight Attendant', 'Caught stealing expensive liquor; Zaynep had warned her this was her final chance', 'Айла Караджа', 'Младша стюардеса', 'Хваната да краде скъп алкохол; Зейнеп я предупреди, че това е последното ѝ предупреждение', 'Zaynep had recently blocked her promotion citing "trust concerns"', 'Зейнеп наскоро блокира повишението ѝ, като посочи "не може да ѝ се има доверие"', 'Seen near the crew quarters minutes before the murder. Locker found open after the body was discovered', 'Видяна близо до помещението на екипажа минути преди убийството. Шкафчето ѝ е намерено отворено веднага след извършване на престъплението'),
	(1015, NULL, 'Marco Salvi', 'Italian Businessman', 'Smuggling uncut diamonds using diplomatic luggage', 'Марко Салви', 'Италиански бизнесмен', 'Контрабандира с необработени диаманти, използвайки дипломатически багаж', 'Zaynep discovered a suspicious pouch in his bag, later seen returning it', 'Зейнеп откри подозрителна торбичка в багажа му, но по-късно е видяна да я връща', 'Claimed Zaynep "accepted his apology," though the exact nature of their exchange is unclear. Reported a camera glitch hours before the murder', 'Твърди, че Зейнеп "е приела извинението му," въпреки че точният характер на разговора им не е ясен. Докладва проблем с камерата часове преди убийството'),
	(1013, NULL, 'Talia Monroe', 'Social Media Influencer', 'Faking a serious illness to receive sympathy donations', 'Талия Монро', 'Инфлуенсър в социални мрежи', 'Фалшифицира сериозна болест, за да получава дарения от съчувствие', 'Zaynep overheard her staging a phone call about her fake condition', 'Зейнеп дочу как тя прави телефонно обаждане относно престореното ѝ състояние', 'Deleted the raw footage of her livestream. Claims she was editing in the lavatory during the murder', 'Изтрила е необработени кадри от нейния лайв-стрийм. Твърди, че е редактирала в тоалетната по време на убийството'),
	(1017, NULL, 'Omar Nasser', 'Airline Engineer on Emergency Transfer', 'Suspended for breaching safety protocols; his presence on this flight was last-minute', 'Омар Насер', 'Авиоинженер, спешен трансфер', 'Отстранен за нарушаване на протоколи за сигурност; присъствието му на този полет е записано в последния момент', 'Zaynep recognized him from a previous mechanical failure incident and warned the captain', 'Зейнеп го разпозна от предишен инцидент с механичен проблем на борда и предупреди капитана', 'Had access to crew systems and electrical panels; was seen near the rear maintenance panel shortly before the camera blackout', 'Имаше достъп до системите на екипажа и електрическите панели; видян бе близо до задния поддържащ панел малко преди изключването на камерите'),
	(1018, NULL, 'Ingrid Weiss', 'Retired Interpol Agent', 'She is not retired — she is covertly investigating a trafficking route tied to high-end smuggling rings, and this flight was her lead', 'Ингрид Вайс', 'Пенсиониран агент на Интерпол', 'Тя не е пенсионирана — тайно разследва трафик маршрут, свързан с контрабандни сделки на скъпи артефакти. Следа от разследването я доведе на борда на самолета', 'Zaynep once helped reroute a passenger off a previous flight at Ingrid''s request, but never asked why', 'Зейнеп веднъж помогна да пренасочи пътник от предишен полет по молба на Ингрид, но никога не попита защо', 'Was seen entering the cockpit area under the pretense of checking turbulence protocols. Claimed to have been asleep in business class at time of death', 'Видяна е да влиза в зоната на пилотската кабина под претекст да проверява протоколите за турбуленция. Твърди, че е спала в бизнес класа по време на убийството'),
	(1019, NULL, 'Devon Reyes', 'In-Flight Chef Trainee', 'Was paid off to spike a passenger''s drink on a previous flight — an incident Zaynep suspected but never proved', 'Девън Рийс', 'Стажант готвач на борда', 'Беше подкупен да предложи напитка на пътник от предишен полет — инцидент, който Зейнеп подозираше, но никога не доказа', 'Zaynep had submitted an official complaint questioning Devon''s conduct around the galley after observing an unusual drink prep', 'Зейнеп подаде официална жалба, поставяйки под въпрос поведението на Девън в кухнята след като забеляза как подготвя необичайна напитка', 'Claims to have been preparing meals, but kitchen logs show he left the galley unattended around the time of death', 'Твърди, че е приготвял храна, но кухненските записи показват, че е напуснал кухнята без надзор около времето на смъртта'),
	(1020, NULL, 'Hana Ito', 'Aerospace Systems Analyst (Undercover Audit)', 'Assigned anonymously by Orion Air to investigate suspicious operational behavior and security risks on long-haul flights', 'Хана Ито', 'Аналитик на аерокосмически системи (Под прикритие)', 'Назначена анонимно от Orion Air да разследва подозрително оперативно поведение и рискове за сигурност при дълги полети', 'Zaynep unknowingly cooperated with Hana weeks prior in reporting procedural inconsistencies, unaware Hana was internal audit', 'Зейнеп неволно подпомогна Хана преди седмици, при докладване на процедурни несъответствия, незнаейки че Хана е вътрешен одит', 'Claimed to be reviewing passenger satisfaction reports, but her seat sensor was inactive for 47 minutes around the time of the blackout', 'Твърди, че е преглеждала доклади за удовлетвореност на пътници, но сензорът на седалката ѝ е бил неактивен за 47 минути около времето на изключване на камерите');

-- Insert character variations
INSERT INTO "public"."Character_Variations" ("character_id", "variation_id") VALUES
	(1013, 21),
	(1014, 21),
	(1015, 21),
	(1016, 21),
	(1013, 22),
	(1014, 22),
	(1015, 22),
	(1016, 22),
	(1017, 22),
	(1013, 23),
	(1014, 23),
	(1015, 23),
	(1016, 23),
	(1017, 23),
	(1018, 23),
	(1013, 24),
	(1014, 24),
	(1015, 24),
	(1016, 24),
	(1017, 24),
	(1018, 24),
	(1019, 24),
	(1013, 25),
	(1014, 25),
	(1015, 25),
	(1016, 25),
	(1017, 25),
	(1018, 25),
	(1019, 25),
	(1020, 25);

-- Insert rounds
INSERT INTO "public"."Rounds" ("round_id", "variation_id", "round_number", "title", "description", "title_bg", "description_bg") VALUES
	(85, 21, 1, 'Crime Scene Investigation', 'Initial examination of the crew quarters. Review the available clues and discuss what insights you can gather from them, so you can decide which character''s secret you want to reveal in the next round.', 'Разследване на местопрестъплението', 'Първоначално преглеждане на помещенията на екипажа. Разгледайте откритите улики и обсъдете каква информация ви предоставят. Стигнете до заключение чия тайна бихте искали да разкриете през следващия рунд.'),
	(86, 21, 2, 'Secret Revelation', 'Cast your vote to uncover a character''s secret. Once a majority is reached through verbal voting, reveal the chosen character''s secret.', 'Разкриване на тайна', 'Гласувайте, за да разкриете тайната на един от героите. След като се достигне мнозинство чрез вербално гласуване, разкрийте тайната на избрания герой.'),
	(87, 21, 3, 'Deeper Investigation', 'Further examination of evidence and alibis. It''s time to start speculating!', 'По-задълбочено разследване', 'По-задълбочено преглеждане на улики и обсоятелства. Нека спекулациите започнат сега!'),
	(88, 21, 4, 'Secret Revelation', 'Cast your vote to uncover a character''s secret. Once a majority is reached through verbal voting, reveal the chosen character''s secret.', 'Разкриване на тайна', 'Гласувайте, за да разкриете тайната на един от героите. След като се достигне мнозинство чрез вербално гласуване, разкрийте тайната на избрания герой.'),
	(89, 21, 5, 'Final Evidence', 'Connecting all evidence and motives. Time to put your heads together and decide who the murderer is. Required majority of at least 51%.', 'Финални улики', 'Свързване на всички улики и мотиви. Време е да достигнете до заключение кой е убиецът с мнозинство от поне 51%.'),
	(90, 22, 1, 'Crime Scene Investigation', 'Initial examination of the crew quarters. Review the available clues and discuss what insights you can gather from them, so you can decide which character''s secret you want to reveal in the next round.', 'Разследване на местопрестъплението', 'Първоначално преглеждане на помещенията на екипажа. Разгледайте откритите улики и обсъдете каква информация ви предоставят. Стигнете до заключение чия тайна бихте искали да разкриете през следващия рунд.'),
	(91, 22, 2, 'Secret Revelation', 'Cast your vote to uncover a character''s secret. Once a majority is reached through verbal voting, reveal the chosen character''s secret.', 'Разкриване на тайна', 'Гласувайте, за да разкриете тайната на един от героите. След като се достигне мнозинство чрез вербално гласуване, разкрийте тайната на избрания герой.'),
	(92, 22, 3, 'Deeper Investigation', 'Further examination of evidence and alibis. It''s time to start speculating!', 'По-задълбочено разследване', 'По-задълбочено преглеждане на улики и обсоятелства. Нека спекулациите започнат сега!'),
	(93, 22, 4, 'Secret Revelation', 'Cast your vote to uncover a character''s secret. Once a majority is reached through verbal voting, reveal the chosen character''s secret.', 'Разкриване на тайна', 'Гласувайте, за да разкриете тайната на един от героите. След като се достигне мнозинство чрез вербално гласуване, разкрийте тайната на избрания герой.'),
	(94, 22, 5, 'Final Evidence', 'Connecting all evidence and motives. Time to put your heads together and decide who the murderer is. Required majority of at least 51%.', 'Финални улики', 'Свързване на всички улики и мотиви. Време е да достигнете до заключение кой е убиецът с мнозинство от поне 51%.'),
	(95, 23, 1, 'Crime Scene Investigation', 'Initial examination of the crew quarters. Review the available clues and discuss what insights you can gather from them, so you can decide which character''s secret you want to reveal in the next round.', 'Разследване на местопрестъплението', 'Първоначално преглеждане на помещенията на екипажа. Разгледайте откритите улики и обсъдете каква информация ви предоставят. Стигнете до заключение чия тайна бихте искали да разкриете през следващия рунд.'),
	(96, 23, 2, 'Secret Revelation', 'Cast your vote to uncover a character''s secret. Once a majority is reached through verbal voting, reveal the chosen character''s secret.', 'Разкриване на тайна', 'Гласувайте, за да разкриете тайната на един от героите. След като се достигне мнозинство чрез вербално гласуване, разкрийте тайната на избрания герой.'),
	(97, 23, 3, 'Deeper Investigation', 'Further examination of evidence and alibis. It''s time to start speculating!', 'По-задълбочено разследване', 'По-задълбочено преглеждане на улики и обсоятелства. Нека спекулациите започнат сега!'),
	(98, 23, 4, 'Secret Revelation', 'Cast your vote to uncover a character''s secret. Once a majority is reached through verbal voting, reveal the chosen character''s secret.', 'Разкриване на тайна', 'Гласувайте, за да разкриете тайната на един от героите. След като се достигне мнозинство чрез вербално гласуване, разкрийте тайната на избрания герой.'),
	(99, 23, 5, 'Final Evidence', 'Connecting all evidence and motives. Time to put your heads together and decide who the murderer is. Required majority of at least 51%.', 'Финални улики', 'Свързване на всички улики и мотиви. Време е да достигнете до заключение кой е убиецът с мнозинство от поне 51%.'),
	(100, 24, 1, 'Crime Scene Investigation', 'Initial examination of the crew quarters. Review the available clues and discuss what insights you can gather from them, so you can decide which character''s secret you want to reveal in the next round.', 'Разследване на местопрестъплението', 'Първоначално преглеждане на помещенията на екипажа. Разгледайте откритите улики и обсъдете каква информация ви предоставят. Стигнете до заключение чия тайна бихте искали да разкриете през следващия рунд.'),
	(101, 24, 2, 'Secret Revelation', 'Cast your vote to uncover a character''s secret. Once a majority is reached through verbal voting, reveal the chosen character''s secret.', 'Разкриване на тайна', 'Гласувайте, за да разкриете тайната на един от героите. След като се достигне мнозинство чрез вербално гласуване, разкрийте тайната на избрания герой.'),
	(102, 24, 3, 'Deeper Investigation', 'Further examination of evidence and alibis. It''s time to start speculating!', 'По-задълбочено разследване', 'По-задълбочено преглеждане на улики и обсоятелства. Нека спекулациите започнат сега!'),
	(103, 24, 4, 'Secret Revelation', 'Cast your vote to uncover a character''s secret. Once a majority is reached through verbal voting, reveal the chosen character''s secret.', 'Разкриване на тайна', 'Гласувайте, за да разкриете тайната на един от героите. След като се достигне мнозинство чрез вербално гласуване, разкрийте тайната на избрания герой.'),
	(104, 24, 5, 'Final Evidence', 'Connecting all evidence and motives. Time to put your heads together and decide who the murderer is. Required majority of at least 51%.', 'Финални улики', 'Свързване на всички улики и мотиви. Време е да достигнете до заключение кой е убиецът с мнозинство от поне 51%.'),
	(105, 25, 1, 'Crime Scene Investigation', 'Initial examination of the crew quarters. Review the available clues and discuss what insights you can gather from them, so you can decide which character''s secret you want to reveal in the next round.', 'Разследване на местопрестъплението', 'Първоначално преглеждане на помещенията на екипажа. Разгледайте откритите улики и обсъдете каква информация ви предоставят. Стигнете до заключение чия тайна бихте искали да разкриете през следващия рунд.'),
	(106, 25, 2, 'Secret Revelation', 'Cast your vote to uncover a character''s secret. Once a majority is reached through verbal voting, reveal the chosen character''s secret.', 'Разкриване на тайна', 'Гласувайте, за да разкриете тайната на един от героите. След като се достигне мнозинство чрез вербално гласуване, разкрийте тайната на избрания герой.'),
	(107, 25, 3, 'Deeper Investigation', 'Further examination of evidence and alibis. It''s time to start speculating!', 'По-задълбочено разследване', 'По-задълбочено преглеждане на улики и обсоятелства. Нека спекулациите започнат сега!'),
	(108, 25, 4, 'Secret Revelation', 'Cast your vote to uncover a character''s secret. Once a majority is reached through verbal voting, reveal the chosen character''s secret.', 'Разкриване на тайна', 'Гласувайте, за да разкриете тайната на един от героите. След като се достигне мнозинство чрез вербално гласуване, разкрийте тайната на избрания герой.'),
	(109, 25, 5, 'Final Evidence', 'Connecting all evidence and motives. Time to put your heads together and decide who the murderer is. Required majority of at least 51%.', 'Финални улики', 'Свързване на всички улики и мотиви. Време е да достигнете до заключение кой е убиецът с мнозинство от поне 51%.');

RESET ALL; 