SET session_replication_role = replica;

-- Data for Name: Games; Type: TABLE DATA; Schema: public; Owner: postgres
--

INSERT INTO "public"."Games" ("game_id", "title", "description", "setting", "price", "is_active", "subtitle", "image", "difficulty", "players", "duration", "featured", "title_bg", "subtitle_bg", "description_bg", "difficulty_bg", "victim", "victim_bg", "setting_bg", "image_path") VALUES
	(3, 'Murder on the Orient Express', 'The Orient Express, the most luxurious train in Europe, has been stopped by a snowdrift in the middle of the night. When morning comes, the wealthy Bulgarian industrialist Viktor Petrov is found dead in his locked compartment. With the train stranded and no way for the killer to escape, the murderer must be among the passengers. But who had the motive, means, and opportunity to commit this brutal crime?', '1970s luxury train, Sofia → Paris, stranded in snow', 14.99, true, 'A 1970s Luxury Train Mystery', 'null', 'Hard', '6-10', '1-3 hours', true, 'Убийство в Ориент Експрес', 'Мистерия в луксозен влак от 70-те години на 20-ти век', 'Ориент Експрес, най-луксозният влак в Европа, е спрян от снежен занос в средата на нощта. Когато настъпва сутринта, богатият български индустриалец Виктор Петров е намерен мъртъв в заключеното си купе. При спрян влак и без възможност убиецът да избяга, той трябва да е сред пътниците. Но кой е имал мотив, средства и възможност да извърши това брутално престъпление?', 'Средна', 'Viktor Petrov', 'Виктор Петров', 'Луксозен влак, пътуващ София-Париж през 1970-та, блокиран заради обилен снеговалеж ', '3/Orient_express.jpg'),
	(4, 'The Last Bachelorette Party', 'What was supposed to be the perfect bachelorette party turned into a night of terror when the hired male dancer, "Diamond" Dave Martinez, was found dead in the VIP lounge. With everyone having secrets and motives, it''s up to the bridal party to uncover who killed the entertainer before the police arrive. Was it jealousy, revenge, or something more sinister?', 'A luxurious penthouse suite in downtown Miami, transformed into the ultimate bachelorette party venue. The night is filled with champagne, dancing, and secrets that some would kill to keep hidden.', 14.99, true, 'A Miami Bachelorette Party Gone Wrong', 'https://images.pexels.com/photos/3771069/pexels-photo-3771069.jpeg?auto=compress&cs=tinysrgb&w=1260&h=750&dpr=1', 'Medium', '6-10', '2-3 hours', false, 'Последното моминско парти', 'Моминско парти в Маями, което завършва трагично', 'Моминско парти се превръща в нощ на разпити и подозрения, когато наетият танцьор "Даймънд" Дейв Мартинес е намерен мъртъв във VIP залата. Всички присъстващи на притежават дълбоко пазени тайни, някои от които ще бъдат разкрити в опит да бъде разкрит убиецът, още преди полицията да е пристигнала. Дали става въпрос за ревност, отмъщение или нещо още по-неочаквано?', 'Средна', 'Diamond (Dave Martinez)', 'Даймънд (Дейв Мартинес)', 'Луксозен пентхаус в центъра на Маями, превърнат в перфекното място за моминско парти. Нощта е изпълнена с шампанско, танци и тайни, които някои биха убили, за да запазят скрити.', '4/bachelorette_party.png');


--
-- Data for Name: Game_Variations; Type: TABLE DATA; Schema: public; Owner: postgres
--

INSERT INTO "public"."Game_Variations" ("variation_id", "game_id", "num_players", "variation_title", "notes", "variation_title_bg", "notes_bg") VALUES
	(11, 3, 6, '6 Players', '-', '6 играчи', '-'),
	(12, 3, 7, '7 Players', '-', '7 играчи', '-'),
	(13, 3, 8, '8 Players', '-', '8 играчи', '-'),
	(14, 3, 9, '9 Players', '-', '9 играчи', '-'),
	(15, 3, 10, '10 Players', '-', '10 играчи', '-'),
	(16, 4, 6, '6-Player Version', '-', 'версия за 6 играчи', '-'),
	(17, 4, 7, '7-Player Version', '-', 'версия за 7 играчи', '-'),
	(18, 4, 8, '8-Player Version', '-', 'версия за 8 играчи', '-'),
	(19, 4, 9, '9-Player Version', '-', 'версия за 9 играчи', '-'),
	(20, 4, 10, '10-Player Version', '-', 'версия за 10 играчи', '-');


--
-- Data for Name: Characters; Type: TABLE DATA; Schema: public; Owner: postgres
--

INSERT INTO "public"."Characters" ("character_id", "variation_id", "name", "description", "secret", "name_bg", "description_bg", "secret_bg", "connection", "connection_bg", "circumstances", "circumstances_bg") VALUES
	(100, NULL, 'Elena Markova', 'Former fiancée of Viktor', 'She almost commited a suicide after being blackmailed by Viktor over a family scandal', 'Елена Маркова', 'Бивша годеница на Виктор', 'Тя прави неуспешен опит за самоубийство заради Виктор, който я изнудва за семееен скандал', 'Viktor broke off their engagement after discovering her family''s criminal past', 'Виктор развали годежа им след като откри престъпното минало на семейството ѝ', 'Traveling to Paris for a new life', 'Пътува за Париж в търсене на нов живот'),
	(104, NULL, 'Sofia Dimitrova', 'Famous opera singer, Viktor''s former lover', 'She is addicted to laudanum and fears her addiction will be exposed', 'София Димитрова', 'Известна оперна певица, бивша любовница на Виктор', 'Тя е пристрастена към лауданум и се страхува, че пристрастността ѝ ще бъде разкрита', 'Viktor abandoned her when she became pregnant and refused to acknowledge the child', 'Виктор я изостави, когато забременя и отказа да признае детето', 'On tour, but her ticket was paid for by Viktor', 'На турне, но билетът ѝ е платен от Виктор'),
	(105, NULL, 'Petar Kolev', 'Train conductor', 'He has a duplicate key to all compartments', 'Петър Колев', 'Кондуктор на влака', 'Той има резервен ключ за всички купета', 'Viktor bribed him to ensure privacy and security during his journey', 'Виктор го подкупи да осигури поверителност и сигурност по време на пътуването си', 'Working the train', 'Работи във влака'),
	(106, NULL, 'Irina Vasileva', 'Personal assistant of Viktor', 'She has been stealing money from Viktor''s accounts for months', 'Ирина Василева', 'Лична асистентка на Виктор', 'Тя краде пари от сметките на Виктор от месеци', 'Viktor was planning to fire her and replace her with his daughter Maria', 'Виктор планираше да я уволни и да я замени с дъщеря си Мария', 'Claims to be seeking work in Paris', 'Твърди, че търси работа в Париж'),
	(107, NULL, 'Mihail Todorov', 'Rival industrialist', 'He bribed someone on the train for information about Viktor', 'Михаил Тодоров', 'Конкуриращ индустриалец', 'Той е подкупил някой във влака за информация за Виктор', 'Viktor was about to expose Mihail''s illegal business practices in court', 'Виктор беше на път да разкрие незаконните бизнес практики на Михаил в съда', 'Claims to be traveling for business to Paris', 'Твърди, че пътува за бизнес за Париж'),
	(108, NULL, 'Vesela Georgieva', 'Investigative journalist', 'She fabricated some of the evidence in her investigation to make it more sensational', 'Весела Георгиева', 'Разследващ журналист', 'Тя е фалшифицирала част от доказателствата в разследването си, за да го направи по-сензационно', 'Viktor was blackmailing her to prevent publication of her investigation into his factory accidents', 'Виктор я изнудваше, за да предотврати публикуването на разследването ѝ за инцидентите във фабриката му', 'Traveling incognito to Paris', 'Пътува инкогнито за Париж'),
	(109, NULL, 'Stefan Dimitrov', 'Estranged husband of Sofia', 'He was seen arguing with Viktor the night of the murder', 'Стефан Димитров', 'Отчужден съпруг на София', 'Той е видян да се кара с Виктор в нощта на убийството', 'Viktor was trying to convince Sofia to leave Stefan and return to him', 'Виктор се опитваше да убеди София да напусне Стефан и да се върне при него', 'Claims to be following Sofia to Paris', 'Твърди, че следва София за Париж'),
	(102, NULL, 'Maria Petrova', 'Estranged daughter of Viktor', 'She threatened Viktor in a letter found by the police', 'Мария Петрова', 'Отчуждена дъщеря на Виктор', 'Тя е заплашила Виктор в писмо, намерено от полицията', 'Viktor disinherited her partially after she refused to marry a strategic business partner', 'Виктор я лиши частично от наследство след като тя отказа да се омъжи за негов стратегически бизнес партньор', 'Traveling under a false name to Paris', 'Пътува под фалшиво име за Париж'),
	(101, NULL, 'Nikolai Ivanov', 'Business partner of Viktor', 'He was embezzling money from Viktor''s company', 'Николай Иванов', 'Бизнес партньор на Виктор', 'Той е присвоявал пари от компанията на Виктор', 'Viktor and Nikolai were childhood friends who started the business together, but Viktor gradually took control and pushed Nikolai aside', 'Виктор и Николай са приятели от детството, които са започнали бизнеса заедно, но Виктор постепенно е поел цялостен контрол над фирмата', 'Claims to be on a business trip to Paris', 'Твърди, че е на бизнес пътуване до Париж'),
	(103, NULL, 'Georgi Stoyanov', 'Former bodyguard of Viktor', 'He was paid by an unknown person to "watch" Viktor', 'Георги Стоянов', 'Бивш телохранител на Виктор', 'Той е получил пари от неизвестен човек за да "наблюдава" Виктор', 'Viktor fired him after he failed to prevent the kidnapping of his son, that costed him a ton of money', 'Виктор го уволни след като не успя да предотврати отвличане на сина му, което му коства цяло състояние', 'Claims to be traveling to Paris to find new work', 'Твърди, че пътува за Париж да намери нова работа'),
	(1003, NULL, 'Jessica "Jess" Rodriguez', 'The Maid of Honor', 'Had a one-night stand with Dave and feared he would expose her', 'Джесика "Джес" Родригез', 'Кумата', 'Имала е еднократна връзка с Дейв и се страхуваше, че той може да я разкрие', 'She is the wife of the best man of the wedding (best friend of the groom)', 'Тя е жената на кума (най-добрият приятел на младоженеца)', 'Was seen entering the VIP lounge around 10:50 PM', 'Видяна е да влиза във VIP залата около 22:50'),
	(1004, NULL, 'Sarah Mitchell', 'The Bride-to-Be', 'She secretly hired Dave for private performances and was being blackmailed by him', 'Сара Митчъл', 'Бъдещата булка', 'Тя тайно е наемала Дейв за частни представления и той я изнудваше за да не разпространява историята', 'Was questioning whether she should call off the wedding due to financial pressure', 'Обмисляше дали да отмени сватбата поради финансови затруднения', 'Found Dave''s body at 11:30 PM and immediately called security', 'Намерила е тялото на Дейв в 23:30 и веднага е извикала охраната'),
	(1005, NULL, 'Amanda Chen', 'The Best Friend', 'She was secretly pregnant and considering an abortion', 'Аманда Чен', 'Най-добрата приятелка', 'Тя крие бременност и тайно обмисля аборт', 'Dave knew about her secret and was threatening to tell everyone', 'Дейв знаеше за тайната ѝ и я заплашваше да каже на всички', 'Has been acting strangely all night', 'Държеше се странно цялата нощ'),
	(1006, NULL, 'Rachel Thompson', 'The Sister', 'She was secretly in debt and had borrowed money from Dave', 'Рейчъл Томпсън', 'Сестрата', 'Тя дължи пари на Дейв', 'Dave was lecturing her about because of her gambling addiction', 'Дейв я упрекна за пристрастяването ѝ към хазарта', 'Was seen arguing with Dave earlier in the evening', 'Видяна е да се кара с Дейв по-рано през вечерта'),
	(1007, NULL, 'Maya Patel', 'The Cousin', 'She was secretly dating Dave and thought they were exclusive', 'Мая Пател', 'Братовчедката', 'Тя тайно се срещаше с Дейв и мислеше, че са ексклузивни', 'Saw Dave making out with a woman during the party and became furious', 'Видя Дейв да се целува с жена по време на партито и побесня', 'Was seen following both Sarah and Dave throughout the evening', 'Видяна е да следва и Сара, и Дейв на няколко пъти през вечер'),
	(1008, NULL, 'Sophie Williams', 'The College Roommate', 'She was secretly a private investigator hired by the groom''s family', 'Софи Уилямс', 'Съквартирантка от университета', 'Тя е частен детектив, нает от семейството на младоженеца', 'Has been seen reading a notebook with Dave''s name on one of the pages', 'Видяна е да чете ръкописна тетрадка, в която фигурираше името на Дейв', 'Was taking photos of Dave throughout the evening', 'Правеше снимки на Дейв през цялата вечер'),
	(1009, NULL, 'Isabella "Bella" Martinez', 'The Wedding Planner', 'She was secretly Dave''s sister and knew about his criminal activities', 'Изабела "Бела" Мартинес', 'Организаторката на сватбата', 'Тя сестра на Дейв и знае за престъпните му дейности', 'Was trying to stop Dave from doing unlawful things during the party', 'Опитваше се да спре Дейв да прави незаконни неща по време на партито', 'Has been making mysterious phone calls all evening', 'Правеше тайнствени телефонни обаждания през цялата вечер'),
	(1010, NULL, 'Victoria "Vicky" Anderson', 'Friend from School', 'She was Dave''s ex-girlfriend and still obsessed with him', 'Виктория "Вики" Андерсън', 'Приятелка от училище', 'Тя е бивша приятелка на Дейв и все още е обсебена от него', 'Was stalking Dave and jealous of his relationships with other women', 'Преследваше Дейв и ревнуваше от връзките му с други жени', 'Was seen lurking around the venue earlier', 'Видяна е да търси скришни места около къщата в ранната част на вечерта'),
	(1011, NULL, 'Nicole "Nikki" Foster', 'The Party Planner', 'She was secretly working with the police to bust Dave''s drug operation', 'Никол "Ники" Фостър', 'Организаторката на партито', 'Тя работи под прикритие за да разкрие наркотрафикантската банда на Дейв', 'She was recommended by Sophie, as she''s been the organizer of her bachelorette party', 'Тя е препоръчана от Софи, тъй като е била организаторка на нейното моминско парти', 'Was the only one not wearing a swimsuit', 'Беше единствената, която не носеше бански костюм'),
	(1012, NULL, 'Ashley "Ash" Johnson', 'The Security Guard', 'She was secretly Dave''s business partner in his illegal activities', 'Ашли "Аш" Джонсън', 'Охранителката', 'Тя помагаше на Дейв за незаконните му операции', 'Was trying to cover up video evidence of illegal activities during the party', 'Опитваше се да изтрие видео записи от партито', 'Has been monitoring the security cameras all evening', 'Наблюдаваше охранителните камери през цялата вечер');


--
-- Data for Name: Character_Variations; Type: TABLE DATA; Schema: public; Owner: postgres
--

INSERT INTO "public"."Character_Variations" ("character_id", "variation_id") VALUES
	(100, 11),
	(101, 11),
	(102, 11),
	(103, 11),
	(104, 11),
	(105, 11),
	(100, 12),
	(101, 12),
	(102, 12),
	(103, 12),
	(104, 12),
	(105, 12),
	(106, 12),
	(100, 13),
	(101, 13),
	(102, 13),
	(103, 13),
	(104, 13),
	(105, 13),
	(106, 13),
	(107, 13),
	(100, 14),
	(101, 14),
	(102, 14),
	(103, 14),
	(104, 14),
	(105, 14),
	(106, 14),
	(107, 14),
	(108, 14),
	(100, 15),
	(101, 15),
	(102, 15),
	(103, 15),
	(104, 15),
	(105, 15),
	(106, 15),
	(107, 15),
	(108, 15),
	(109, 15),
	(1003, 16),
	(1004, 16),
	(1005, 16),
	(1006, 16),
	(1007, 16),
	(1008, 16),
	(1003, 17),
	(1004, 17),
	(1005, 17),
	(1006, 17),
	(1007, 17),
	(1008, 17),
	(1009, 17),
	(1003, 18),
	(1004, 18),
	(1005, 18),
	(1006, 18),
	(1007, 18),
	(1008, 18),
	(1009, 18),
	(1010, 18),
	(1003, 19),
	(1004, 19),
	(1005, 19),
	(1006, 19),
	(1007, 19),
	(1008, 19),
	(1009, 19),
	(1010, 19),
	(1011, 19),
	(1003, 20),
	(1004, 20),
	(1005, 20),
	(1006, 20),
	(1007, 20),
	(1008, 20),
	(1009, 20),
	(1010, 20),
	(1011, 20),
	(1012, 20);


--
-- Data for Name: Rounds; Type: TABLE DATA; Schema: public; Owner: postgres
--

INSERT INTO "public"."Rounds" ("round_id", "variation_id", "round_number", "title", "description", "title_bg", "description_bg") VALUES
	(31, 11, 1, 'Crime Scene Investigation', 'Initial examination of the locked compartment. Review the available clues and discuss what insights you can gather from them, so you can decide which character’s secret you want to reveal in the next round. ', 'Разследване на местопрестъплението', 'Първоначално преглеждане на заключенoтo купе. Разгледайте откритите улики и обсъдете каква информация ви предоставят. Стигнете до заключение чия тайна бихте искали да разкриете през следващия рунд.'),
	(32, 11, 2, 'Secret Revelation', 'Cast your vote to uncover a character''s secret. Once a majority is reached through verbal voting, reveal the chosen character''s secret.', 'Разкриване на тайна', 'Гласувайте, за да разкриете тайната на един от героите. След като се достигне мнозинство чрез вербално гласуване, разкрийте тайната на избрания герой.'),
	(33, 11, 3, 'Deeper Investigation', 'Further examination of evidence and alibis. It''s time to start speculating!', 'По-задълбочено разследване', 'По-задълбочено преглеждане на улики и обсоятелства. Нека спекулациите започнат сега!'),
	(34, 11, 4, 'Secret Revelation', 'Cast your vote to uncover a character''s secret. Once a majority is reached through verbal voting, reveal the chosen character''s secret.', 'Разкриване на тайна', 'Гласувайте, за да разкриете тайната на един от героите. След като се достигне мнозинство чрез вербално гласуване, разкрийте тайната на избрания герой.'),
	(35, 11, 5, 'Final Evidence', 'Connecting all evidence and motives. Time to put your heads together and decide who the murderer is. Required majority of at least 51%.', 'Финални улики', 'Свързване на всички улики и мотиви. Време е да достигнете до заключение кой е убиецът с мнозинство от поне 51%. '),
	(36, 12, 1, 'Crime Scene Investigation', 'Initial examination of the locked compartment. Review the available clues and discuss what insights you can gather from them, so you can decide which character''s secret you want to reveal in the next round. ', 'Разследване на местопрестъплението', 'Първоначално преглеждане на заключенoтo купе. Разгледайте откритите улики и обсъдете каква информация ви предоставят. Стигнете до заключение чия тайна бихте искали да разкриете през следващия рунд.'),
	(37, 12, 2, 'Secret Revelation', 'Cast your vote to uncover a character''s secret. Once a majority is reached through verbal voting, reveal the chosen character''s secret.', 'Разкриване на тайна', 'Гласувайте, за да разкриете тайната на един от героите. След като се достигне мнозинство чрез вербално гласуване, разкрийте тайната на избрания герой.'),
	(38, 12, 3, 'Deeper Investigation', 'Further examination of evidence and alibis. It''s time to start speculating!', 'По-задълбочено разследване', 'По-задълбочено преглеждане на улики и обсоятелства. Нека спекулациите започнат сега!'),
	(39, 12, 4, 'Secret Revelation', 'Cast your vote to uncover a character''s secret. Once a majority is reached through verbal voting, reveal the chosen character''s secret.', 'Разкриване на тайна', 'Гласувайте, за да разкриете тайната на един от героите. След като се достигне мнозинство чрез вербално гласуване, разкрийте тайната на избрания герой.'),
	(40, 12, 5, 'Final Evidence', 'Connecting all evidence and motives. Time to put your heads together and decide who the murderer is. Required majority of at least 51%.', 'Финални улики', 'Свързване на всички улики и мотиви. Време е да достигнете до заключение кой е убиецът с мнозинство от поне 51%. '),
	(41, 13, 1, 'Crime Scene Investigation', 'Initial examination of the locked compartment. Review the available clues and discuss what insights you can gather from them, so you can decide which character''s secret you want to reveal in the next round. ', 'Разследване на местопрестъплението', 'Първоначално преглеждане на заключенoтo купе. Разгледайте откритите улики и обсъдете каква информация ви предоставят. Стигнете до заключение чия тайна бихте искали да разкриете през следващия рунд.'),
	(42, 13, 2, 'Secret Revelation', 'Cast your vote to uncover a character''s secret. Once a majority is reached through verbal voting, reveal the chosen character''s secret.', 'Разкриване на тайна', 'Гласувайте, за да разкриете тайната на един от героите. След като се достигне мнозинство чрез вербално гласуване, разкрийте тайната на избрания герой.'),
	(43, 13, 3, 'Deeper Investigation', 'Further examination of evidence and alibis. It''s time to start speculating!', 'По-задълбочено разследване', 'По-задълбочено преглеждане на улики и обсоятелства. Нека спекулациите започнат сега!'),
	(44, 13, 4, 'Secret Revelation', 'Cast your vote to uncover a character''s secret. Once a majority is reached through verbal voting, reveal the chosen character''s secret.', 'Разкриване на тайна', 'Гласувайте, за да разкриете тайната на един от героите. След като се достигне мнозинство чрез вербално гласуване, разкрийте тайната на избрания герой.'),
	(45, 13, 5, 'Final Evidence', 'Connecting all evidence and motives. Time to put your heads together and decide who the murderer is. Required majority of at least 51%.', 'Финални улики', 'Свързване на всички улики и мотиви. Време е да достигнете до заключение кой е убиецът с мнозинство от поне 51%. '),
	(46, 14, 1, 'Crime Scene Investigation', 'Initial examination of the locked compartment. Review the available clues and discuss what insights you can gather from them, so you can decide which character''s secret you want to reveal in the next round. ', 'Разследване на местопрестъплението', 'Първоначално преглеждане на заключенoтo купе. Разгледайте откритите улики и обсъдете каква информация ви предоставят. Стигнете до заключение чия тайна бихте искали да разкриете през следващия рунд.'),
	(47, 14, 2, 'Secret Revelation', 'Cast your vote to uncover a character''s secret. Once a majority is reached through verbal voting, reveal the chosen character''s secret.', 'Разкриване на тайна', 'Гласувайте, за да разкриете тайната на един от героите. След като се достигне мнозинство чрез вербално гласуване, разкрийте тайната на избрания герой.'),
	(48, 14, 3, 'Deeper Investigation', 'Further examination of evidence and alibis. It''s time to start speculating!', 'По-задълбочено разследване', 'По-задълбочено преглеждане на улики и обсоятелства. Нека спекулациите започнат сега!'),
	(49, 14, 4, 'Secret Revelation', 'Cast your vote to uncover a character''s secret. Once a majority is reached through verbal voting, reveal the chosen character''s secret.', 'Разкриване на тайна', 'Гласувайте, за да разкриете тайната на един от героите. След като се достигне мнозинство чрез вербално гласуване, разкрийте тайната на избрания герой.'),
	(50, 14, 5, 'Final Evidence', 'Connecting all evidence and motives. Time to put your heads together and decide who the murderer is. Required majority of at least 51%.', 'Финални улики', 'Свързване на всички улики и мотиви. Време е да достигнете до заключение кой е убиецът с мнозинство от поне 51%. '),
	(51, 15, 1, 'Crime Scene Investigation', 'Initial examination of the locked compartment. Review the available clues and discuss what insights you can gather from them, so you can decide which character''s secret you want to reveal in the next round. ', 'Разследване на местопрестъплението', 'Първоначално преглеждане на заключенoтo купе. Разгледайте откритите улики и обсъдете каква информация ви предоставят. Стигнете до заключение чия тайна бихте искали да разкриете през следващия рунд.'),
	(52, 15, 2, 'Secret Revelation', 'Cast your vote to uncover a character''s secret. Once a majority is reached through verbal voting, reveal the chosen character''s secret.', 'Разкриване на тайна', 'Гласувайте, за да разкриете тайната на един от героите. След като се достигне мнозинство чрез вербално гласуване, разкрийте тайната на избрания герой.'),
	(53, 15, 3, 'Deeper Investigation', 'Further examination of evidence and alibis. It''s time to start speculating!', 'По-задълбочено разследване', 'По-задълбочено преглеждане на улики и обсоятелства. Нека спекулациите започнат сега!'),
	(54, 15, 4, 'Secret Revelation', 'Cast your vote to uncover a character''s secret. Once a majority is reached through verbal voting, reveal the chosen character''s secret.', 'Разкриване на тайна', 'Гласувайте, за да разкриете тайната на един от героите. След като се достигне мнозинство чрез вербално гласуване, разкрийте тайната на избрания герой.'),
	(55, 15, 5, 'Final Evidence', 'Connecting all evidence and motives. Time to put your heads together and decide who the murderer is. Required majority of at least 51%.', 'Финални улики', 'Свързване на всички улики и мотиви. Време е да достигнете до заключение кой е убиецът с мнозинство от поне 51%. '),
	(60, 16, 1, 'Crime Scene Investigation', 'Initial examination of the locked vip lounge. Review the available clues and discuss what insights you can gather from them, so you can decide which character''s secret you want to reveal in the next round.', 'Разследване на местопрестъплението', 'Първоначално преглеждане на заключенaтa вип зала. Разгледайте откритите улики и обсъдете каква информация ви предоставят. Стигнете до заключение чия тайна бихте искали да разкриете през следващия рунд.'),
	(61, 16, 2, 'Secret Revelation', 'Cast your vote to uncover a character''s secret. Once a majority is reached through verbal voting, reveal the chosen character''s secret.', 'Разкриване на тайни', 'Гласувайте, за да разкриете тайната на един от героите. След като се достигне мнозинство чрез вербално гласуване, разкрийте тайната на избрания герой.'),
	(62, 16, 3, 'Evidence Analysis', 'Further examination of evidence and alibis. It''s time to start speculating!', 'Анализ на доказателствата', 'По-задълбочено преглеждане на улики и обсоятелства. Нека спекулациите започнат сега!'),
	(63, 16, 4, 'Secret Revelation', 'Cast your vote to uncover a character''s secret. Once a majority is reached through verbal voting, reveal the chosen character''s secret.', 'Разкриване на тайни', 'Гласувайте, за да разкриете тайната на един от героите. След като се достигне мнозинство чрез вербално гласуване, разкрийте тайната на избрания герой.'),
	(64, 16, 5, 'Final Set of Clues', 'Connecting all evidence and motives. Time to put your heads together and decide who the murderer is. Required majority of at least 51%.', 'Финални улики', 'Свързване на всички улики и мотиви. Време е да достигнете до заключение кой е убиецът с мнозинство от поне 51%.'),
	(65, 17, 1, 'Crime Scene Investigation', 'Initial examination of the locked vip lounge. Review the available clues and discuss what insights you can gather from them, so you can decide which character''s secret you want to reveal in the next round.', 'Разследване на местопрестъплението', 'Първоначално преглеждане на заключенaтa вип зала. Разгледайте откритите улики и обсъдете каква информация ви предоставят. Стигнете до заключение чия тайна бихте искали да разкриете през следващия рунд.'),
	(66, 17, 2, 'Secret Revelation', 'Cast your vote to uncover a character''s secret. Once a majority is reached through verbal voting, reveal the chosen character''s secret.', 'Разкриване на тайни', 'Гласувайте, за да разкриете тайната на един от героите. След като се достигне мнозинство чрез вербално гласуване, разкрийте тайната на избрания герой.'),
	(67, 17, 3, 'Evidence Analysis', 'Further examination of evidence and alibis. It''s time to start speculating!', 'Анализ на доказателствата', 'По-задълбочено преглеждане на улики и обсоятелства. Нека спекулациите започнат сега!'),
	(68, 17, 4, 'Secret Revelation', 'Cast your vote to uncover a character''s secret. Once a majority is reached through verbal voting, reveal the chosen character''s secret.', 'Разкриване на тайни', 'Гласувайте, за да разкриете тайната на един от героите. След като се достигне мнозинство чрез вербално гласуване, разкрийте тайната на избрания герой.'),
	(69, 17, 5, 'Final Set of Clues', 'Connecting all evidence and motives. Time to put your heads together and decide who the murderer is. Required majority of at least 51%.', 'Финални улики', 'Свързване на всички улики и мотиви. Време е да достигнете до заключение кой е убиецът с мнозинство от поне 51%.'),
	(70, 18, 1, 'Crime Scene Investigation', 'Initial examination of the locked vip lougne. Review the available clues and discuss what insights you can gather from them, so you can decide which character''s secret you want to reveal in the next round.', 'Разследване на местопрестъплението', 'Първоначално преглеждане на заключенaтa вип зала. Разгледайте откритите улики и обсъдете каква информация ви предоставят. Стигнете до заключение чия тайна бихте искали да разкриете през следващия рунд.'),
	(71, 18, 2, 'Secret Revelation', 'Cast your vote to uncover a character''s secret. Once a majority is reached through verbal voting, reveal the chosen character''s secret.', 'Разкриване на тайни', 'Гласувайте, за да разкриете тайната на един от героите. След като се достигне мнозинство чрез вербално гласуване, разкрийте тайната на избрания герой.'),
	(72, 18, 3, 'Evidence Analysis', 'Further examination of evidence and alibis. It''s time to start speculating!', 'Анализ на доказателствата', 'По-задълбочено преглеждане на улики и обсоятелства. Нека спекулациите започнат сега!'),
	(73, 18, 4, 'Secret Revelation', 'Cast your vote to uncover a character''s secret. Once a majority is reached through verbal voting, reveal the chosen character''s secret.', 'Разкриване на тайни', 'Гласувайте, за да разкриете тайната на един от героите. След като се достигне мнозинство чрез вербално гласуване, разкрийте тайната на избрания герой.'),
	(74, 18, 5, 'Final Set of Clues', 'Connecting all evidence and motives. Time to put your heads together and decide who the murderer is. Required majority of at least 51%.', 'Финални улики', 'Свързване на всички улики и мотиви. Време е да достигнете до заключение кой е убиецът с мнозинство от поне 51%.'),
	(75, 19, 1, 'Crime Scene Investigation', 'Initial examination of the locked vip lounge. Review the available clues and discuss what insights you can gather from them, so you can decide which character''s secret you want to reveal in the next round.', 'Разследване на местопрестъплението', 'Първоначално преглеждане на заключенaтa вип зала. Разгледайте откритите улики и обсъдете каква информация ви предоставят. Стигнете до заключение чия тайна бихте искали да разкриете през следващия рунд.'),
	(76, 19, 2, 'Secret Revelation', 'Cast your vote to uncover a character''s secret. Once a majority is reached through verbal voting, reveal the chosen character''s secret.', 'Разкриване на тайни', 'Гласувайте, за да разкриете тайната на един от героите. След като се достигне мнозинство чрез вербално гласуване, разкрийте тайната на избрания герой.'),
	(77, 19, 3, 'Evidence Analysis', 'Further examination of evidence and alibis. It''s time to start speculating!', 'Анализ на доказателствата', 'По-задълбочено преглеждане на улики и обсоятелства. Нека спекулациите започнат сега!'),
	(78, 19, 4, 'Secret Revelation', 'Cast your vote to uncover a character''s secret. Once a majority is reached through verbal voting, reveal the chosen character''s secret.', 'Разкриване на тайни', 'Гласувайте, за да разкриете тайната на един от героите. След като се достигне мнозинство чрез вербално гласуване, разкрийте тайната на избрания герой.'),
	(79, 19, 5, 'Final Set of Clues', 'Connecting all evidence and motives. Time to put your heads together and decide who the murderer is. Required majority of at least 51%.', 'Финални улики', 'Свързване на всички улики и мотиви. Време е да достигнете до заключение кой е убиецът с мнозинство от поне 51%.'),
	(80, 20, 1, 'Crime Scene Investigation', 'Initial examination of the locked vip lounge. Review the available clues and discuss what insights you can gather from them, so you can decide which character''s secret you want to reveal in the next round.', 'Разследване на местопрестъплението', 'Първоначално преглеждане на заключенaтa вип зала. Разгледайте откритите улики и обсъдете каква информация ви предоставят. Стигнете до заключение чия тайна бихте искали да разкриете през следващия рунд.'),
	(81, 20, 2, 'Secret Revelation', 'Cast your vote to uncover a character''s secret. Once a majority is reached through verbal voting, reveal the chosen character''s secret.', 'Разкриване на тайни', 'Гласувайте, за да разкриете тайната на един от героите. След като се достигне мнозинство чрез вербално гласуване, разкрийте тайната на избрания герой.'),
	(82, 20, 3, 'Evidence Analysis', 'Further examination of evidence and alibis. It''s time to start speculating!', 'Анализ на доказателствата', 'По-задълбочено преглеждане на улики и обсоятелства. Нека спекулациите започнат сега!'),
	(83, 20, 4, 'Secret Revelation', 'Cast your vote to uncover a character''s secret. Once a majority is reached through verbal voting, reveal the chosen character''s secret.', 'Разкриване на тайни', 'Гласувайте, за да разкриете тайната на един от героите. След като се достигне мнозинство чрез вербално гласуване, разкрийте тайната на избрания герой.'),
	(84, 20, 5, 'Final Set of Clues', 'Connecting all evidence and motives. Time to put your heads together and decide who the murderer is. Required majority of at least 51%.', 'Финални улики', 'Свързване на всички улики и мотиви. Време е да достигнете до заключение кой е убиецът с мнозинство от поне 51%.');


--
-- Data for Name: Clues; Type: TABLE DATA; Schema: public; Owner: postgres
--

INSERT INTO "public"."Clues" ("clue_id", "round_id", "clue_number", "content", "content_bg", "hidden") VALUES
    (200, NULL, NULL, 'Victim found stabbed 12 times in locked compartment', 'Жертвата е намерена с 12 прободни рани в заключено купе', false),
	(201, NULL, NULL, 'Murder weapon - ceremonial dagger with initials "E.M." engraved', 'Оръжие на убийството - церемониален кинжал с избродирани инициали "Е.М."', false),
	(202, NULL, NULL, 'Train stopped for 2 hours due to snowdrift (12:30 AM - 2:30 AM)', 'Влакът е спрян за 2 часа поради снежен занос (12:30 - 2:30 сутринта)', false),
	(203, NULL, NULL, 'Torn-up letter found in wastebasket, pieces missing', 'Разкъсано писмо намерено в кошчето, липсват парчета', false),
	(204, NULL, NULL, 'Compartment key found under victim''s body', 'Ключът на купето е намерен под тялото на жертвата', false),
	(206, NULL, NULL, 'Missing pieces of torn letter reveal it''s signed "Maria" and mentions "father"', 'Липсващите парчета от разкъсаното писмо разкриват, че е подписано "Мария" и споменава "татко"', false),
	(207, NULL, NULL, 'Viktor''s will was recently changed, cutting out Nikolai Ivanov completely', 'Завещанието на Виктор беше наскоро променено, като Николай Иванов е напълно изключен', false),
	(208, NULL, NULL, 'Viktor had traces of sedative in his system, likely administered 1-2 hours before death', 'Виктор имаше следи от успокоително в организма, вероятно приложено 1-2 часа преди смъртта', false),
	(210, NULL, NULL, 'Georgi claims he was in dining car, but dining car was closed after midnight', 'Георги твърди, че е бил в ресторант вагона, но ресторант вагонът беше затворен след полунощ', false),
	(212, NULL, NULL, 'Multiple fingerprints on dagger: victim''s, Elena''s, Maria''s, and one unidentified', 'Множество пръстови отпечатъци по кинжала: на жертвата, на Елена, на Мария и един неидентифициран', false),
	(213, NULL, NULL, 'Medical examiner confirms death between 1:30-2:00 AM based on body temperature', 'Съдебно-медицинският експерт потвърждава смъртта между 1:30-2:00 сутринта въз основа на телесната температура', false),
	(215, NULL, NULL, 'Second letter found in Viktor''s pocket mentions "exposing the truth about the factory accident"', 'Второ писмо намерено в джоба на Виктор споменава за "разкриване на истината за фабричния инцидент"', false),
	(216, NULL, NULL, 'Compartment door was locked from inside, and window was found slightly open with fresh snow on windowsill', 'Вратата на купето беше заключена отвътре, а прозорецът беше намерен леко отворен със свеж сняг на перваза', false),
	(220, NULL, NULL, 'Sofia was seen leaving her compartment at 1:00 AM, returning at 1:30 AM', 'София беше видяна да напуска купето си в 1:00 сутринта, връщайки се в 1:30 сутринта', false),
	(222, NULL, NULL, 'Elena was seen crying in her compartment at 1:10 AM, but refused to explain why', 'Елена беше видяна да плаче в купето си в 1:10 сутринта, но отказва да обясни защо', false),
	(230, NULL, NULL, 'Gold earring matching Irina''s found near victim''s compartment', 'Златната гривна на Ирина, намерена близо до купето на жертвата', false),
	(231, NULL, NULL, 'Witness saw Irina leaving Viktor''s compartment late at night, clutching a document', 'Свидетел видя Ирина да напуска купето на Виктор късно през нощта, държейки документ', false),
	(232, NULL, NULL, 'Business card of Mihail Todorov found in victim''s pocket', 'Визитка на Михаил Тодоров намерена в джоба на жертвата', false),
	(233, NULL, NULL, 'Conductor overheard Mihail asking about Viktor''s travel plans', 'Кондукторът дочу Михаил да се интересува от пътуването на Виктор', false),
	(234, NULL, NULL, 'Press credentials found in Vesela''s compartment under false name', 'Журналистически акредитации намерени в купето на Весела под фалшиво име', false),
	(235, NULL, NULL, 'Vesela was seen taking photographs of other passengers secretly', 'Весела беше видяна да прави тайни снимки на други пътници', false),
	(236, NULL, NULL, 'Stefan''s ticket shows he boarded at last minute, same station as Sofia', 'Билетът на Стефан показва, че се е качил в последния момент, от същата гара като София', false),
	(237, NULL, NULL, 'Stefan was seen arguing with Viktor in dining car before midnight', 'Стефан беше видян да се кара с Виктор в ресторант вагона преди полунощ', false),
	(205, NULL, NULL, 'Conductor saw someone in corridor at 1:45 AM wearing dark coat', 'Кондукторът видя някой в коридора в 1:45 сутринта, носещ тъмно палто', true),
	(211, NULL, NULL, 'Secret compartment in Viktor''s luggage contains blackmail photos of several passengers', 'Тайно отделение в багажа на Виктор съдържа снимки за изнудване на няколко пътници', true),
	(214, NULL, NULL, 'Small amount of blood found on corridor carpet outside Viktor''s compartment', 'Малко количество кръв намерено на килима в коридора извън купето на Виктор', true),
	(221, NULL, NULL, 'Georgi was seen near Viktor''s compartment at 1:20 AM, but claims he was checking security', 'Георги беше видян близо до купето на Виктор в 1:20 сутринта, но твърди, че е проверявал сигурността', true),
	(3000, NULL, NULL, 'Dave Martinez found dead in VIP lounge with blunt force trauma to the head', 'Дейв Мартинес е намерен мъртъв във VIP залата с травма на главата', false),
	(3001, NULL, NULL, 'Murder weapon - champagne bottle with fingerprints from multiple people', 'Оръжие на убийството - бутилка шампанско с пръстови отпечатъци от множество хора', false),
	(3002, NULL, NULL, 'Party started at 8 PM, Dave arrived at 9 PM, body found at 11:30 PM', 'Партито е започнало в 20:00, Дейв е пристигнал в 21:00, тялото му е намерено в 23:30', false),
	(3004, NULL, NULL, 'Dave''s phone found with threatening messages from multiple numbers', 'Телефонът на Дейв е намерен със заплашителни съобщения от няколко номера', false),
	(3005, NULL, NULL, 'VIP lounge door was locked from inside, window was found open', 'Вратата на VIP залата е била заключена отвътре, прозорецът е намерен отворен', false),
	(3006, NULL, NULL, 'Medical examiner confirms death between 11:00-11:30 PM', 'Съдебно-медицинският експерт потвърждава настъпване на смъртта между 23:00-23:30', false),
	(3007, NULL, NULL, 'Dave had traces of sedative in his system, likely administered 1-2 hours before death', 'Има следи от успокоително в организма на Дейв, вероятно приложено 1-2 часа преди смъртта', false),
	(3008, NULL, NULL, 'Several empty champagne bottles found in VIP lounge', 'Няколко празни бутилки шампанско са намерени във VIP залата', false),
	(3009, NULL, NULL, 'Dave''s wallet found empty, but he was paid $2000 for the performance', 'Портфейлът на Дейв е намерен празен, въпреки че му бяха платени $2000 за представлението', false),
	(3010, NULL, NULL, 'Sarah was seen arguing with Dave in the hallway at 10:45 PM, just before the music started', 'Сара беше видяна да се кара с Дейв в коридора в 22:45, точно преди музиката да започне', false),
	(3011, NULL, NULL, 'Amanda was seen giving Dave a drink around 9:30 PM', 'Аманда беше видяна да дава напитка на Дейв около 21:30', false),
	(3012, NULL, NULL, 'Jess was overheard saying "I can''t let him ruin everything" to someone on the phone', 'Джес беше дочута да казва "Не мога да позволя да развали всичко", говорейки с някого по телефона', false),
	(3013, NULL, NULL, 'Dave''s car keys found in the pool area, but his car is still in the parking lot', 'Ключовете на колата на Дейв са намерени в зоната на басейна, но колата му все още е на паркинга', false),
	(3014, NULL, NULL, 'Security log shows Dave entered the building at 9:05 PM through the service entrance', 'Охранителният дневник показва, че Дейв е влязъл в сградата в 21:05 през служебния вход', false),
	(3015, NULL, NULL, 'Dave''s performance contract shows he was supposed to leave by 11:00 PM', 'Договорът за ангажимент на Дейв показва, че е трябвало да напусне до 23:00', false),
	(3017, NULL, NULL, 'Bella was overheard saying "I need to protect him" to someone on the balcony', 'Бела беше дочута да казва "Трябва да го защитя", говорейки с някого на терасата', false),
	(3019, NULL, NULL, 'Vicky was seen following Dave in the first 20 minutes, after he arrived at the party', 'Вики беше забелязана да следва Дейв неотлъчно първите 20 минути, след като той пристигна на партито', false),
	(3021, NULL, NULL, 'Nikki was overheard saying "The operation is compromised" to someone', 'Ники беше дочута да казва "Операцията е компрометирана" на някого', false),
	(3023, NULL, NULL, 'Ash was the only person who knew the VIP lounge security code that evening', 'Аш беше единствената, която знаеше кода за сигурност на VIP залата тази вечер', false);


--
-- Data for Name: Clue_Rounds; Type: TABLE DATA; Schema: public; Owner: postgres
--

INSERT INTO "public"."Clue_Rounds" ("clue_id", "round_id", "clue_number") VALUES
	(200, 31, 1),
	(201, 31, 2),
	(202, 31, 3),
	(203, 31, 4),
	(204, 31, 5),
	(205, 31, 6),
	(200, 36, 1),
	(201, 36, 2),
	(202, 36, 3),
	(203, 36, 4),
	(204, 36, 5),
	(205, 36, 6),
	(200, 41, 1),
	(201, 41, 2),
	(202, 41, 3),
	(203, 41, 4),
	(204, 41, 5),
	(205, 41, 6),
	(200, 46, 1),
	(201, 46, 2),
	(202, 46, 3),
	(203, 46, 4),
	(204, 46, 5),
	(205, 46, 6),
	(200, 51, 1),
	(201, 51, 2),
	(202, 51, 3),
	(203, 51, 4),
	(204, 51, 5),
	(205, 51, 6),
	(206, 33, 1),
	(207, 33, 2),
	(208, 33, 3),
	(210, 33, 4),
	(211, 33, 5),
	(212, 33, 6),
	(206, 38, 1),
	(207, 38, 2),
	(208, 38, 3),
	(210, 38, 4),
	(211, 38, 5),
	(212, 38, 6),
	(206, 43, 1),
	(207, 43, 2),
	(208, 43, 3),
	(210, 43, 4),
	(211, 43, 5),
	(212, 43, 6),
	(206, 48, 1),
	(207, 48, 2),
	(208, 48, 3),
	(210, 48, 4),
	(211, 48, 5),
	(212, 48, 6),
	(206, 53, 1),
	(207, 53, 2),
	(208, 53, 3),
	(210, 53, 4),
	(211, 53, 5),
	(212, 53, 6),
	(213, 35, 1),
	(214, 35, 2),
	(215, 35, 3),
	(216, 35, 4),
	(220, 35, 5),
	(221, 35, 6),
	(222, 35, 7),
	(213, 40, 1),
	(214, 40, 2),
	(215, 40, 3),
	(216, 40, 4),
	(220, 40, 5),
	(221, 40, 6),
	(222, 40, 7),
	(213, 45, 1),
	(214, 45, 2),
	(215, 45, 3),
	(216, 45, 4),
	(220, 45, 5),
	(221, 45, 6),
	(222, 45, 7),
	(213, 50, 1),
	(214, 50, 2),
	(215, 50, 3),
	(216, 50, 4),
	(220, 50, 5),
	(221, 50, 6),
	(222, 50, 7),
	(213, 55, 1),
	(214, 55, 2),
	(215, 55, 3),
	(216, 55, 4),
	(220, 55, 5),
	(221, 55, 6),
	(222, 55, 7),
	(230, 36, 8),
	(231, 38, 8),
	(232, 41, 8),
	(233, 43, 8),
	(234, 46, 8),
	(235, 48, 8),
	(236, 51, 8),
	(237, 53, 8),
	(3000, 60, 1),
	(3001, 60, 2),
	(3002, 60, 3),
	(3004, 60, 4),
	(3005, 60, 5),
	(3000, 65, 1),
	(3001, 65, 2),
	(3002, 65, 3),
	(3004, 65, 4),
	(3005, 65, 5),
	(3000, 70, 1),
	(3001, 70, 2),
	(3002, 70, 3),
	(3004, 70, 4),
	(3005, 70, 5),
	(3000, 75, 1),
	(3001, 75, 2),
	(3002, 75, 3),
	(3004, 75, 4),
	(3005, 75, 5),
	(3000, 80, 1),
	(3001, 80, 2),
	(3002, 80, 3),
	(3004, 80, 4),
	(3005, 80, 5),
	(3006, 62, 1),
	(3007, 62, 2),
	(3008, 62, 3),
	(3009, 62, 4),
	(3010, 62, 5),
	(3006, 67, 1),
	(3007, 67, 2),
	(3008, 67, 3),
	(3009, 67, 4),
	(3010, 67, 5),
	(3017, 67, 6),
	(3006, 72, 1),
	(3007, 72, 2),
	(3008, 72, 3),
	(3009, 72, 4),
	(3010, 72, 5),
	(3017, 72, 6),
	(3006, 77, 1),
	(3007, 77, 2),
	(3008, 77, 3),
	(3009, 77, 4),
	(3010, 77, 5),
	(3017, 77, 6),
	(3006, 82, 1),
	(3007, 82, 2),
	(3008, 82, 3),
	(3009, 82, 4),
	(3010, 82, 5),
	(3017, 82, 6),
	(3023, 82, 7),
	(3011, 64, 1),
	(3012, 64, 2),
	(3013, 64, 3),
	(3014, 64, 4),
	(3015, 64, 5),
	(3011, 69, 1),
	(3012, 69, 2),
	(3013, 69, 3),
	(3014, 69, 4),
	(3015, 69, 5),
	(3011, 74, 1),
	(3012, 74, 2),
	(3013, 74, 3),
	(3014, 74, 4),
	(3015, 74, 5),
	(3019, 74, 6),
	(3011, 79, 1),
	(3012, 79, 2),
	(3013, 79, 3),
	(3014, 79, 4),
	(3015, 79, 5),
	(3019, 79, 6),
	(3021, 79, 7),
	(3011, 84, 1),
	(3012, 84, 2),
	(3013, 84, 3),
	(3014, 84, 4),
	(3015, 84, 5),
	(3019, 84, 6),
	(3021, 84, 7);


--
-- Data for Name: Final_Reveal; Type: TABLE DATA; Schema: public; Owner: postgres
--

INSERT INTO "public"."Final_Reveal" ("reveal_id", "variation_id", "content", "murderer", "content_bg", "murderer_bg") VALUES
	(11, 11, 'The murder of Viktor Petrov was committed by Maria Petrova, his estranged daughter. Driven by years of emotional abuse and the recent discovery that Viktor was planning to disinherit her completely, Maria saw an opportunity during the train''s unscheduled stop. She used the ceremonial dagger (a family heirloom with her mother''s initials "E.M.") to kill her father. The sedative in Viktor''s system was administered by Sofia Dimitrova, who was helping Maria but didn''t know about the murder plan. The blackmail photos in Viktor''s luggage were of various passengers, including evidence of Nikolai''s embezzlement and Elena''s family scandal, which he used to control them.', 'Maria Petrova', 'Убийството на Виктор Петров е извършено от Мария Петрова, неговата отчуждена дъщеря. Подтикната от години емоционално насилие и наскорошното откритие, че Виктор планира да я лиши напълно от наследство, Мария видя възможност по време на незапланираната спирка на влака. Тя използва церемониалния кинжал (семейна реликвания с инициалите на майка ѝ "Е.М.") за да убие баща си. Успокоителното в системата на Виктор е приложено от София Димитрова, която помагаше на Мария, но не знаеше за плана за убийство. Снимките за изнудване в багажа на Виктор бяха на различни пътници, включително доказателства за присвояването на Николай и семейния скандал на Елена, които той използваше за да ги контролира.', 'Мария Петрова'),
	(12, 12, 'The murder of Viktor Petrov was committed by Maria Petrova, his estranged daughter. Driven by years of emotional abuse and the recent discovery that Viktor was planning to disinherit her completely, Maria saw an opportunity during the train''s unscheduled stop. She used the ceremonial dagger (a family heirloom with her mother''s initials "E.M.") to kill her father. The sedative in Viktor''s system was administered by Sofia Dimitrova, who was helping Maria but didn''t know about the murder plan. The blackmail photos in Viktor''s luggage were of various passengers, including evidence of Nikolai''s embezzlement and Elena''s family scandal, which he used to control them.', 'Maria Petrova', 'Убийството на Виктор Петров е извършено от Мария Петрова, неговата отчуждена дъщеря. Подтикната от години емоционално насилие и наскорошното откритие, че Виктор планира да я лиши напълно от наследство, Мария видя възможност по време на незапланираната спирка на влака. Тя използва церемониалния кинжал (семейна реликвания с инициалите на майка ѝ "Е.М.") за да убие баща си. Успокоителното в системата на Виктор е приложено от София Димитрова, която помагаше на Мария, но не знаеше за плана за убийство. Снимките за изнудване в багажа на Виктор бяха на различни пътници, включително доказателства за присвояването на Николай и семейния скандал на Елена, които той използваше за да ги контролира. ', 'Мария Петрова'),
	(13, 13, 'The murder of Viktor Petrov was committed by Maria Petrova, his estranged daughter. Driven by years of emotional abuse and the recent discovery that Viktor was planning to disinherit her completely, Maria saw an opportunity during the train''s unscheduled stop. She used the ceremonial dagger (a family heirloom with her mother''s initials "E.M.") to kill her father. The sedative in Viktor''s system was administered by Sofia Dimitrova, who was helping Maria but didn''t know about the murder plan. The blackmail photos in Viktor''s luggage were of various passengers, including evidence of Nikolai''s embezzlement and Elena''s family scandal, which he used to control them.', 'Maria Petrova', 'Убийството на Виктор Петров е извършено от Мария Петрова, неговата отчуждена дъщеря. Подтикната от години емоционално насилие и наскорошното откритие, че Виктор планира да я лиши напълно от наследство, Мария видя възможност по време на незапланираната спирка на влака. Тя използва церемониалния кинжал (семейна реликвания с инициалите на майка ѝ "Е.М.") за да убие баща си. Успокоителното в системата на Виктор е приложено от София Димитрова, която помагаше на Мария, но не знаеше за плана за убийство. Снимките за изнудване в багажа на Виктор бяха на различни пътници, включително доказателства за присвояването на Николай и семейния скандал на Елена, които той използваше за да ги контролира. ', 'Мария Петрова'),
	(14, 14, 'The murder of Viktor Petrov was committed by Maria Petrova, his estranged daughter. Driven by years of emotional abuse and the recent discovery that Viktor was planning to disinherit her completely, Maria saw an opportunity during the train''s unscheduled stop. She used the ceremonial dagger (a family heirloom with her mother''s initials "E.M.") to kill her father. The sedative in Viktor''s system was administered by Sofia Dimitrova, who was helping Maria but didn''t know about the murder plan. The blackmail photos in Viktor''s luggage were of various passengers, including evidence of Nikolai''s embezzlement and Elena''s family scandal, which he used to control them.', 'Maria Petrova', 'Убийството на Виктор Петров е извършено от Мария Петрова, неговата отчуждена дъщеря. Подтикната от години емоционално насилие и наскорошното откритие, че Виктор планира да я лиши напълно от наследство, Мария видя възможност по време на незапланираната спирка на влака. Тя използва церемониалния кинжал (семейна реликвания с инициалите на майка ѝ "Е.М.") за да убие баща си. Успокоителното в системата на Виктор е приложено от София Димитрова, която помагаше на Мария, но не знаеше за плана за убийство. Снимките за изнудване в багажа на Виктор бяха на различни пътници, включително доказателства за присвояването на Николай и семейния скандал на Елена, които той използваше за да ги контролира. ', 'Мария Петрова'),
	(15, 15, 'The murder of Viktor Petrov was committed by Maria Petrova, his estranged daughter. Driven by years of emotional abuse and the recent discovery that Viktor was planning to disinherit her completely, Maria saw an opportunity during the train''s unscheduled stop. She used the ceremonial dagger (a family heirloom with her mother''s initials "E.M.") to kill her father. The sedative in Viktor''s system was administered by Sofia Dimitrova, who was helping Maria but didn''t know about the murder plan. The blackmail photos in Viktor''s luggage were of various passengers, including evidence of Nikolai''s embezzlement and Elena''s family scandal, which he used to control them.', 'Maria Petrova', 'Убийството на Виктор Петров е извършено от Мария Петрова, неговата отчуждена дъщеря. Подтикната от години емоционално насилие и наскорошното откритие, че Виктор планира да я лиши напълно от наследство, Мария видя възможност по време на незапланираната спирка на влака. Тя използва церемониалния кинжал (семейна реликвания с инициалите на майка ѝ "Е.М.") за да убие баща си. Успокоителното в системата на Виктор е приложено от София Димитрова, която помагаше на Мария, но не знаеше за плана за убийство. Снимките за изнудване в багажа на Виктор бяха на различни пътници, включително доказателства за присвояването на Николай и семейния скандал на Елена, които той използваше за да ги контролира. ', 'Мария Петрова'),
	(16, 16, 'The murder of "Diamond" Dave Martinez was committed by Sarah Mitchell, the bride-to-be. Driven to desperation by Dave''s relentless blackmail and the threat of her secrets being exposed on her wedding day, Sarah saw an opportunity during the chaotic party. She lured Dave to the VIP lounge under the pretense of a private performance, then struck him with a champagne bottle when his back was turned. The sedative in Dave''s system was administered by Amanda Chen, who was trying to sedate Dave so that he won''t expose her secret, but didn''t know about the murder plan. Dave''s criminal activities included drug trafficking, money laundering, and blackmailing multiple women.', 'Sarah Mitchell', 'Убийството на "Даймънд" Дейв Мартинес е извършено от Сара Митчъл, бъдещата булка. Подтикната до отчаяние от безмилостното изнудване на Дейв и заплахата тайните ѝ да бъдат разкрити по време на сватбения ѝ ден, Сара използва открилата се възможност по време на хаотичното парти. Тя примами Дейв във VIP залата под претекст, че иска частно представление, след което го удари с бутилка шампанско, когато той беше обърнат с гръб. Успокоителното в системата на Дейв е приложено от Аманда Чен, която се опитваше да приспи Дейв за да не издаде нейната тайна, но не знаеше за плана за убийство. Престъпните дейности на Дейв включваха трафик на наркотици, пране на пари и изнудване на множество жени.', 'Сара Митчъл'),
	(17, 17, 'The murder of "Diamond" Dave Martinez was committed by Sarah Mitchell, the bride-to-be. Driven to desperation by Dave''s relentless blackmail and the threat of her secrets being exposed on her wedding day, Sarah saw an opportunity during the chaotic party. She lured Dave to the VIP lounge under the pretense of a private performance, then struck him with a champagne bottle when his back was turned. The sedative in Dave''s system was administered by Amanda Chen, who was trying to sedate Dave so that he won''t expose her secret, but didn''t know about the murder plan. Dave''s criminal activities included drug trafficking, money laundering, and blackmailing multiple women.', 'Sarah Mitchell', 'Убийството на "Даймънд" Дейв Мартинес е извършено от Сара Митчъл, бъдещата булка. Подтикната до отчаяние от безмилостното изнудване на Дейв и заплахата тайните ѝ да бъдат разкрити по време на сватбения ѝ ден, Сара използва открилата се възможност по време на хаотичното парти. Тя примами Дейв във VIP залата под претекст, че иска частно представление, след което го удари с бутилка шампанско, когато той беше обърнат с гръб. Успокоителното в системата на Дейв е приложено от Аманда Чен, която се опитваше да приспи Дейв за да не издаде нейната тайна, но не знаеше за плана за убийство. Престъпните дейности на Дейв включваха трафик на наркотици, пране на пари и изнудване на множество жени.', 'Сара Митчъл'),
	(18, 18, 'The murder of "Diamond" Dave Martinez was committed by Sarah Mitchell, the bride-to-be. Driven to desperation by Dave''s relentless blackmail and the threat of her secrets being exposed on her wedding day, Sarah saw an opportunity during the chaotic party. She lured Dave to the VIP lounge under the pretense of a private performance, then struck him with a champagne bottle when his back was turned. The sedative in Dave''s system was administered by Amanda Chen, who was trying to sedate Dave so that he won''t expose her secret, but didn''t know about the murder plan. Dave''s criminal activities included drug trafficking, money laundering, and blackmailing multiple women.', 'Sarah Mitchell', 'Убийството на "Даймънд" Дейв Мартинес е извършено от Сара Митчъл, бъдещата булка. Подтикната до отчаяние от безмилостното изнудване на Дейв и заплахата тайните ѝ да бъдат разкрити по време на сватбения ѝ ден, Сара използва открилата се възможност по време на хаотичното парти. Тя примами Дейв във VIP залата под претекст, че иска частно представление, след което го удари с бутилка шампанско, когато той беше обърнат с гръб. Успокоителното в системата на Дейв е приложено от Аманда Чен, която се опитваше да приспи Дейв за да не издаде нейната тайна, но не знаеше за плана за убийство. Престъпните дейности на Дейв включваха трафик на наркотици, пране на пари и изнудване на множество жени.', 'Сара Митчъл'),
	(19, 19, 'The murder of "Diamond" Dave Martinez was committed by Sarah Mitchell, the bride-to-be. Driven to desperation by Dave''s relentless blackmail and the threat of her secrets being exposed on her wedding day, Sarah saw an opportunity during the chaotic party. She lured Dave to the VIP lounge under the pretense of a private performance, then struck him with a champagne bottle when his back was turned. The sedative in Dave''s system was administered by Amanda Chen, who was trying to sedate Dave so that he won''t expose her secret, but didn''t know about the murder plan. Dave''s criminal activities included drug trafficking, money laundering, and blackmailing multiple women.', 'Sarah Mitchell', 'Убийството на "Даймънд" Дейв Мартинес е извършено от Сара Митчъл, бъдещата булка. Подтикната до отчаяние от безмилостното изнудване на Дейв и заплахата тайните ѝ да бъдат разкрити по време на сватбения ѝ ден, Сара използва открилата се възможност по време на хаотичното парти. Тя примами Дейв във VIP залата под претекст, че иска частно представление, след което го удари с бутилка шампанско, когато той беше обърнат с гръб. Успокоителното в системата на Дейв е приложено от Аманда Чен, която се опитваше да приспи Дейв за да не издаде нейната тайна, но не знаеше за плана за убийство. Престъпните дейности на Дейв включваха трафик на наркотици, пране на пари и изнудване на множество жени.', 'Сара Митчъл'),
	(20, 20, 'The murder of "Diamond" Dave Martinez was committed by Sarah Mitchell, the bride-to-be. Driven to desperation by Dave''s relentless blackmail and the threat of her secrets being exposed on her wedding day, Sarah saw an opportunity during the chaotic party. She lured Dave to the VIP lounge under the pretense of a private performance, then struck him with a champagne bottle when his back was turned. The sedative in Dave''s system was administered by Amanda Chen, who was trying to sedate Dave so that he won''t expose her secret, but didn''t know about the murder plan. Dave''s criminal activities included drug trafficking, money laundering, and blackmailing multiple women.', 'Sarah Mitchell', 'Убийството на "Даймънд" Дейв Мартинес е извършено от Сара Митчъл, бъдещата булка. Подтикната до отчаяние от безмилостното изнудване на Дейв и заплахата тайните ѝ да бъдат разкрити по време на сватбения ѝ ден, Сара използва открилата се възможност по време на хаотичното парти. Тя примами Дейв във VIP залата под претекст, че иска частно представление, след което го удари с бутилка шампанско, когато той беше обърнат с гръб. Успокоителното в системата на Дейв е приложено от Аманда Чен, която се опитваше да приспи Дейв за да не издаде нейната тайна, но не знаеше за плана за убийство. Престъпните дейности на Дейв включваха трафик на наркотици, пране на пари и изнудване на множество жени.', 'Сара Митчъл');


--

SELECT pg_catalog.setval('"public"."Characters_character_id_seq"', 1012, true);
SELECT pg_catalog.setval('"public"."Clues_clue_id_seq"', 3023, true);
SELECT pg_catalog.setval('"public"."Final_Reveal_reveal_id_seq"', 20, true);
SELECT pg_catalog.setval('"public"."Game_Variations_variation_id_seq"', 20, true);
SELECT pg_catalog.setval('"public"."Games_game_id_seq"', 4, true);
SELECT pg_catalog.setval('"public"."Rounds_round_id_seq"', 84, true);
RESET ALL;
